USE BluejackJewelry
GO

INSERT INTO MsStaff VALUES
('ST001','Rama Tanama','Male','rama@st.com','Jl. Pinus I','081283341221'),
('ST002','Attar','Male','attar@st.com','Jl. Anggrek I','081329067887'),
('ST003','Wilan','Male','wilwil@st.com','Jl. Anggrek II','081344566521'),
('ST004','Maudy','Female','mdy@st.com','Jl. Mawar I','081221356790'),
('ST005','Raisa Novitasari','Female','raisa@st.com','Jl. Janur','081322881032'),
('ST006','Ella Mulyani Hastuti','Female','ella@st.com','Jl. Janur II','081280801100'),
('ST007','Joshua','Male','josh@st.com','Jl. Fatimah I','081540321908'),
('ST008','Bella Trixie','Female','bella@st.com','Jl. Dalton','081290991277'),
('ST009','Markus','Male','markus@st.com','Jl. BSD I','081297642100'),
('ST010','Andi Maulana Sutandar','Male','andi@st.com','Jl. Melati','085514320561')

INSERT INTO MsCustomer VALUES
('CU001','Alex Daliman','Male','alex@gmail.com','Jl. Pinang I','085563421976'),
('CU002','Jerry Mahendra Irawan','Male','jerry@gmail.com','Jl. Pinang II','081287665290'),
('CU003','Audrey Yang','Female','audrey@gmail.com','Jl. Pascal Timur II','081235662114'),
('CU004','Yuri','Female','yurii@gmail.com','Jl. Andara I','081344589012'),
('CU005','Nindy Avitasari Wong','Female','nindy@gmail.com','Jl. Pascal Utara I','081263456745'),
('CU006','Bryan','Male','bryan@gmail.com','Jl. Andara II','085567768778'),
('CU007','Faiz','Male','faiz@gmail.com','Jl. Indah 3','081286553211'),
('CU008','Victor Agustino','Male','vicag@gmail.com','Jl. Nila I','081324576890'),
('CU009','Alden Jonathan','Male','alden@gmail.com','Jl. Nila II','085525789001'),
('CU010','Machel','Female','mwie@gmail.com','Jl. Dunia I','081388657172'),
('CU011','Noni','Female','noni@gmail.com','Jl. Dunia II','081222256678'),
('CU012','Palitho','Male','palipali@gmail.com','Jl. Timo I','081211347532'),
('CU013','Shearen','Female','shear@gmail.com','Jl. Anggrek I','081244658090'),
('CU014','Adit','Male','aditg@gmail.com','Jl. Lotus II','085561234788'),
('CU015','Cheryl','Female','cher@gmail.com','Jl. Timo II','081265560990')

INSERT INTO MsVendor VALUES
('VE001','Eriga Taiga','eriga@ve.com','Green 2 Street','081209654410'),
('VE002','Jerix','jerix@ve.com','Jolly 1 Street','08551902119'),
('VE003','Ipanna Nema','ipanna@ve.com','Candy 8 Street','081345661876'),
('VE004','Arga','argagroup@ve.com','Green 3 Street','08120985441'),
('VE005','Mantappu','mantappu@ve.com','Airu 2 Street','085568907622'),
('VE006','Menan Tea','menantea@ve.com','Airu 1 Street','081354418741'),
('VE007','Shein','shein@ve.com','Braga 2 Street','085512007640'),
('VE008','Stroberi Sortkek','stroberi@ve.com','Pasir Koja 3 Street','081390865128'),
('VE009','Shyee','shyee@ve.com','Malioboro 5 Street','081249081324'),
('VE010','UBest Icon','ubest@ve.com','Sultan 9 Street','081245091866')

INSERT INTO MsJewelryType VALUES
('JT001','Gold'),
('JT002','Silver'),
('JT003','Diamond'),
('JT004','Bronze'),
('JT005','Pearl'),
('JT006','White Gold'),
('JT007','Ruby'),
('JT008','Green Ruby'),
('JT009','Black Diamond'),
('JT010','Blue Ruby')

INSERT INTO MsJewelry VALUES
('JW001','JT001','Odeta',10,5000,10000,12),
('JW002','JT002','Berlia',10,7000,14000,9),
('JW003','JT003','Kalla',13,8000,17000,13),
('JW004','JT004','Lia',13,8000,17000,14),
('JW005','JT005','Lily',13,8000,16000,20),
('JW006','JT006','Chels',13,8000,16000,30),
('JW007','JT007','Pika',10,7000,13000,16),
('JW008','JT008','Kyle',15,9000,19000,40),
('JW009','JT008','Hua',20,1200,15000,30),
('JW010','JT009','Chu',18,11000,22000,25),
('JW011','JT010','Ace',12,10000,20000,0),
('JW012','JT010','Aimmy',10,15000,20000,2)


INSERT INTO PurchaseHeader VALUES
('PU001','ST001','VE001','2020-06-04'),
('PU002','ST004','VE009','2020-06-10'),
('PU003','ST010','VE007','2020-06-28'),
('PU004','ST003','VE008','2020-06-30'),
('PU005','ST009','VE002','2020-07-01'),
('PU006','ST002','VE001','2020-07-03'),
('PU007','ST001','VE003','2020-07-24'),
('PU008','ST002','VE010','2020-07-27'),
('PU009','ST004','VE002','2020-08-01'),
('PU010','ST006','VE010','2020-08-02'),
('PU011','ST007','VE006','2020-08-03'),
('PU012','ST008','VE004','2020-08-08'),
('PU013','ST010','VE005','2020-09-09'),
('PU014','ST006','VE001','2020-09-11'),
('PU015','ST009','VE006','2020-09-13'),
('PU016','ST001','VE003','2020-07-27'),
('PU017','ST003','VE001','2020-09-17')

INSERT INTO PurchaseDetail VALUES
('PU001','JW005',8),
('PU002','JW002',3),
('PU002','JW009',1),
('PU002','JW010',2),
('PU003','JW008',2),
('PU004','JW004',4),
('PU004','JW005',10),
('PU004','JW007',5),
('PU005','JW002',2),
('PU006','JW001',3),
('PU007','JW002',4),
('PU007','JW004',9),
('PU007','JW009',1),
('PU008','JW003',4),
('PU009','JW006',2),
('PU010','JW009',2),
('PU011','JW010',2),
('PU012','JW006',1),
('PU013','JW010',2),
('PU014','JW010',2),
('PU015','JW003',4),
('PU016','JW001',2),
('PU016','JW009',8),
('PU017','JW005',10),
('PU017','JW010',9)

INSERT INTO SalesHeader VALUES
('SL001','ST001','CU001','2020-05-06'),
('SL002','ST002','CU003','2020-06-01'),
('SL003','ST003','CU005','2020-06-03'),
('SL004','ST004','CU004','2020-06-05'),
('SL005','ST005','CU008','2020-06-13'),
('SL006','ST006','CU009','2020-06-16'),
('SL007','ST007','CU010','2020-06-17'),
('SL008','ST008','CU011','2020-06-18'),
('SL009','ST009','CU012','2020-06-19'),
('SL010','ST010','CU013','2020-06-22'),
('SL011','ST002','CU011','2020-07-21'),
('SL012','ST007','CU010','2020-08-03'), 
('SL013','ST009','CU002','2020-09-20'), 
('SL014','ST009','CU003','2020-12-10'), 
('SL015','ST003','CU004','2020-05-30')

INSERT INTO SalesDetail VALUES
('SL001','JW001',1),
('SL001','JW002',2),
('SL001','JW003',3),
('SL002','JW002',2),
('SL002','JW003',3),
('SL002','JW004',4),
('SL003','JW003',3),
('SL003','JW004',3),
('SL003','JW005',2),
('SL004','JW004',4),
('SL004','JW005',4),
('SL005','JW005',5),
('SL005','JW006',5),
('SL005','JW007',2),
('SL006','JW006',2),
('SL006','JW007',3),
('SL006','JW008',1),
('SL007','JW007',3),
('SL007','JW008',2),
('SL007','JW009',3),
('SL008','JW008',2),
('SL008','JW009',4),
('SL008','JW010',3),
('SL009','JW009',9),
('SL009','JW010',3),
('SL009','JW001',2),
('SL010','JW010',11),
('SL011','JW010',1),
('SL012','JW010',3),
('SL012','JW002',3),
('SL013','JW010',4),
('SL013','JW004',5),
('SL014','JW010',10),
('SL015','JW010',9),
('SL015','JW001',2)